2018/04/11 02:50:37,93.20 
2018/04/11 05:04:52,95.17 
2018/04/11 05:30:19,96.91 
2018/04/11 05:47:59,93.18 
2018/04/11 05:49:24,96.31 
2018/04/11 08:22:41,92.41 
2018/04/11 08:37:10,95.66 
2018/04/11 09:47:20,95.69 
2018/04/11 10:37:55,99.62 
2018/04/11 10:51:49,95.39 
2018/04/11 11:06:48,90.43 
2018/04/11 11:36:41,93.35 
2018/04/11 12:41:48,95.22 
2018/04/11 14:04:39,90.12 
2018/04/11 14:57:28,98.75 
2018/04/11 15:24:56,99.34 
2018/04/11 16:15:30,95.01 
2018/04/11 17:14:12,91.64 
2018/04/11 17:53:28,96.58 
2018/04/11 18:57:39,98.76 
2018/04/11 20:05:34,97.96 
2018/04/11 20:19:46,95.60 
2018/04/11 20:32:38,92.70 
2018/04/11 20:58:41,96.37 
2018/04/11 23:07:13,93.83 
2018/04/12 00:06:56,91.36 
2018/04/12 00:08:58,94.66 
2018/04/12 01:11:08,99.43 
2018/04/12 01:56:35,90.34 
2018/04/12 02:54:57,97.31 
2018/04/12 02:58:22,93.59 
2018/04/12 03:43:10,96.64 
2018/04/12 04:07:12,97.91 
2018/04/12 04:17:21,98.38 
2018/04/12 04:24:16,96.41 
2018/04/12 05:08:33,92.33 
2018/04/12 05:29:05,95.94 
2018/04/12 05:38:14,90.80 
2018/04/12 08:19:15,95.60 
2018/04/12 08:38:08,93.42 
2018/04/12 09:11:50,98.95 
2018/04/12 09:29:45,98.87 
2018/04/12 09:44:46,94.67 
2018/04/12 10:21:47,98.54 
2018/04/12 10:34:22,91.55 
2018/04/12 10:48:06,93.33 
2018/04/12 11:32:55,94.33 
2018/04/12 13:24:28,97.66 
2018/04/12 15:22:21,96.64 
2018/04/12 15:37:15,95.74 
2018/04/12 17:29:37,92.56 
2018/04/12 17:33:53,95.50 
2018/04/12 18:28:48,98.16 
2018/04/12 20:11:03,94.35 
2018/04/12 20:17:17,95.28 
2018/04/12 20:19:07,96.67 
2018/04/12 20:43:32,92.07 
2018/04/12 21:20:00,94.63 
2018/04/12 21:54:19,91.72 
2018/04/12 23:02:37,95.05 
2018/04/12 23:43:00,90.25 
2018/04/12 23:48:18,90.81 
2018/04/13 00:00:14,91.39 
2018/04/13 01:14:44,93.68 
2018/04/13 02:32:43,93.35 
2018/04/13 04:07:30,98.15 
2018/04/13 04:30:21,90.86 
2018/04/13 04:32:51,97.26 
2018/04/13 04:36:18,90.35 
2018/04/13 04:38:10,98.35 
2018/04/13 04:46:26,96.89 
2018/04/13 05:01:58,99.76 
2018/04/13 08:15:59,94.67 
2018/04/13 09:29:28,90.02 
2018/04/13 09:47:45,97.03 
2018/04/13 11:03:27,94.50 
2018/04/13 11:47:58,94.87 
2018/04/13 12:58:34,92.94 
2018/04/13 14:40:34,91.43 
2018/04/13 15:30:18,94.92 
2018/04/13 16:17:48,97.90 
2018/04/13 18:57:53,98.36 
2018/04/13 19:56:13,92.80 
2018/04/13 20:34:53,96.53 
2018/04/13 22:15:02,90.28 
2018/04/13 23:32:31,95.74 
2018/04/14 00:06:23,90.91 
2018/04/14 00:31:32,93.78 
2018/04/14 00:41:13,90.35 
2018/04/14 00:54:16,90.92 
2018/04/14 01:33:42,95.53 
2018/04/14 03:32:24,93.54 
2018/04/14 03:43:56,99.86 
2018/04/14 03:48:08,95.12 
2018/04/14 04:22:01,98.58 
2018/04/14 04:50:08,93.54 
2018/04/14 05:42:21,96.54 
2018/04/14 05:52:22,98.39 
2018/04/14 09:16:49,96.13 
2018/04/14 09:22:19,95.56 
2018/04/14 09:24:31,95.68 
2018/04/14 10:45:58,96.44 
2018/04/14 11:13:16,96.29 
2018/04/14 11:29:16,95.93 
2018/04/14 11:41:04,92.56 
2018/04/14 13:30:13,90.65 
2018/04/14 14:03:11,96.05 
2018/04/14 14:23:55,99.40 
2018/04/14 14:39:17,98.48 
2018/04/14 15:01:32,93.68 
2018/04/14 16:14:09,99.18 
2018/04/14 17:17:53,95.46 
2018/04/14 19:07:40,99.66 
2018/04/14 19:16:45,92.49 
2018/04/14 19:33:52,93.21 
2018/04/14 23:29:27,93.61 
2018/04/14 23:48:15,98.11 
2018/04/15 00:02:04,98.29 
2018/04/15 00:58:26,92.36 
2018/04/15 02:23:03,99.50 
2018/04/15 02:32:02,92.51 
2018/04/15 02:42:11,92.23 
2018/04/15 03:54:23,96.56 
2018/04/15 05:00:27,96.32 
2018/04/15 05:26:36,99.10 
2018/04/15 05:44:29,96.20 
2018/04/15 05:52:33,95.91 
2018/04/15 07:36:21,93.99 
2018/04/15 07:40:40,92.37 
2018/04/15 08:15:16,91.33 
2018/04/15 08:41:15,91.25 
2018/04/15 10:50:02,94.17 
2018/04/15 10:56:55,96.23 
2018/04/15 12:23:49,96.12 
2018/04/15 13:02:36,98.18 
2018/04/15 13:10:21,91.93 
2018/04/15 15:24:20,94.03 
2018/04/15 15:47:45,95.84 
2018/04/15 15:57:23,90.42 
2018/04/15 16:28:23,95.71 
2018/04/15 19:22:38,95.07 
2018/04/15 19:40:57,99.31 
2018/04/15 19:47:21,95.07 
2018/04/15 20:39:06,95.58 
2018/04/15 20:45:03,94.52 
2018/04/15 21:03:53,95.77 
2018/04/15 23:12:47,96.41 
2018/04/15 23:24:10,90.67 
2018/04/16 00:41:43,99.25 
2018/04/16 03:12:39,98.60 
2018/04/16 03:14:19,95.59 
2018/04/16 03:20:42,97.77 
2018/04/16 03:34:12,99.63 
2018/04/16 04:13:48,93.97 
2018/04/16 05:11:34,91.72 
2018/04/16 05:47:33,99.56 
2018/04/16 07:19:13,97.13 
2018/04/16 07:31:41,93.07 
2018/04/16 08:20:50,95.61 
2018/04/16 08:26:30,90.82 
2018/04/16 09:16:47,91.78 
2018/04/16 09:25:32,94.87 
2018/04/16 09:26:19,90.87 
2018/04/16 10:23:36,93.64 
2018/04/16 12:33:22,94.40 
2018/04/16 13:24:13,94.16 
2018/04/16 13:42:01,99.83 
2018/04/16 15:12:15,98.99 
2018/04/16 15:52:28,92.72 
2018/04/16 17:03:56,97.15 
2018/04/16 18:19:10,92.67 
2018/04/16 19:04:27,91.68 
2018/04/16 19:14:55,92.03 
2018/04/16 20:12:43,91.35 
2018/04/16 20:49:20,94.16 
2018/04/16 20:57:53,95.19 
2018/04/16 21:05:53,95.98 
2018/04/16 22:02:09,93.96 
2018/04/16 22:08:31,90.68 
2018/04/17 01:21:42,99.35 
2018/04/17 01:27:20,95.27 
2018/04/17 01:48:54,95.48 
2018/04/17 02:02:44,93.82 
2018/04/17 03:50:53,95.63 
2018/04/17 04:00:50,94.18 
2018/04/17 04:03:54,98.85 
2018/04/17 04:18:33,90.34 
2018/04/17 04:59:49,93.20 
2018/04/17 05:11:34,91.60 
2018/04/17 06:53:15,92.07 
2018/04/17 07:28:09,97.40 
2018/04/17 08:19:55,90.98 
2018/04/17 10:10:07,97.08 
2018/04/17 11:54:39,93.81 
2018/04/17 12:11:05,96.33 
2018/04/17 14:06:22,94.99 
2018/04/17 14:24:51,99.23 
2018/04/17 14:49:10,97.65 
2018/04/17 15:39:39,90.53 
2018/04/17 17:05:27,91.30 
2018/04/17 17:19:11,99.19 
2018/04/17 17:51:09,98.50 
2018/04/17 18:52:15,97.62 
2018/04/17 19:07:17,92.67 
2018/04/17 20:16:00,97.94 
2018/04/17 20:55:57,96.21 
2018/04/17 21:38:03,97.90 
2018/04/17 22:16:49,93.82 
2018/04/18 00:17:31,95.31 
2018/04/18 00:32:08,90.26 
2018/04/18 00:35:13,91.77 
2018/04/18 03:44:15,95.74 
2018/04/18 04:23:19,96.68 
2018/04/18 04:57:37,90.64 
2018/04/18 06:43:28,90.94 
2018/04/18 07:45:22,90.93 
2018/04/18 10:26:58,99.74 
2018/04/18 12:02:11,92.47 
2018/04/18 13:50:24,90.42 
2018/04/18 13:53:56,90.54 
2018/04/18 14:09:00,92.87 
2018/04/18 14:26:20,92.53 
2018/04/18 14:31:54,98.97 
2018/04/18 14:32:39,98.65 
2018/04/18 14:38:59,91.56 
2018/04/18 17:11:08,92.31 
2018/04/18 17:43:19,97.54 
2018/04/18 17:45:28,90.38 
2018/04/18 18:19:32,92.31 
2018/04/18 19:58:09,96.06 
2018/04/18 21:13:08,92.74 
2018/04/18 21:20:23,95.95 
2018/04/18 21:41:30,93.58 
2018/04/18 22:23:32,95.06 
2018/04/18 23:50:36,99.75 
2018/04/18 23:55:48,97.12 
2018/04/19 00:10:05,92.30 
2018/04/19 00:26:26,94.85 
2018/04/19 02:14:03,97.56 
2018/04/19 04:01:34,90.90 
2018/04/19 04:13:17,94.91 
2018/04/19 05:57:52,91.52 
2018/04/19 06:13:10,95.91 
2018/04/19 06:49:15,95.58 
2018/04/19 07:45:59,90.19 
2018/04/19 08:05:10,90.45 
2018/04/19 08:12:44,97.76 
2018/04/19 08:36:10,96.11 
2018/04/19 09:06:06,94.78 
2018/04/19 09:21:49,99.58 
2018/04/19 09:38:29,91.37 
2018/04/19 09:39:07,98.70 
2018/04/19 09:59:04,97.79 
2018/04/19 10:00:27,97.91 
2018/04/19 10:00:42,93.64 
2018/04/19 10:35:55,95.30 
2018/04/19 11:28:07,93.65 
2018/04/19 12:14:27,99.34 
2018/04/19 12:32:46,99.78 
2018/04/19 12:46:58,96.86 
2018/04/19 12:53:32,93.27 
2018/04/19 16:26:14,96.42 
2018/04/19 17:09:37,96.46 
2018/04/19 17:30:05,99.33 
2018/04/19 18:23:59,91.66 
2018/04/19 19:25:31,91.67 
2018/04/19 19:37:06,95.85 
2018/04/19 20:13:14,96.54 
2018/04/19 20:24:07,90.59 
2018/04/19 20:34:11,99.45 
2018/04/19 21:22:37,96.53 
2018/04/19 22:15:44,95.51 
2018/04/19 23:43:28,90.85 
2018/04/20 00:24:40,93.71 
2018/04/20 01:24:11,98.27 
2018/04/20 01:32:43,95.59 
2018/04/20 01:51:32,96.41 
2018/04/20 02:56:25,95.73 
2018/04/20 04:12:34,99.27 
2018/04/20 05:06:15,97.25 
2018/04/20 05:35:15,94.70 
2018/04/20 07:12:19,98.48 
2018/04/20 07:33:06,98.18 
2018/04/20 08:27:17,94.50 
2018/04/20 09:00:33,91.28 
2018/04/20 09:07:01,99.25 
2018/04/20 09:52:08,98.05 
2018/04/20 10:00:21,91.63 
2018/04/20 10:59:16,94.05 
2018/04/20 14:06:10,98.74 
2018/04/20 14:14:47,99.30 
2018/04/20 14:16:46,98.51 
2018/04/20 14:59:00,97.59 
2018/04/20 15:27:35,96.55 
2018/04/20 15:34:47,97.31 
2018/04/20 16:39:23,91.33 
2018/04/20 18:36:57,91.00 
2018/04/20 19:27:10,98.50 
2018/04/20 20:48:12,94.07 
2018/04/20 20:49:23,90.70 
2018/04/20 20:54:26,97.84 
2018/04/20 22:16:04,91.43 
2018/04/20 22:34:41,98.84 
2018/04/20 22:51:25,90.33 
2018/04/20 23:17:24,97.31 
2018/04/20 23:39:45,94.88 
2018/04/21 00:24:01,90.32 
2018/04/21 02:49:28,96.75 
2018/04/21 03:15:09,96.54 
2018/04/21 03:57:03,94.70 
2018/04/21 04:03:26,92.28 
2018/04/21 04:47:31,98.78 
2018/04/21 04:52:15,90.71 
2018/04/21 05:24:55,93.69 
2018/04/21 06:20:31,95.93 
2018/04/21 07:32:32,98.85 
2018/04/21 07:52:56,94.98 
2018/04/21 07:58:14,92.76 
2018/04/21 08:10:36,98.86 
2018/04/21 08:24:34,91.02 
2018/04/21 09:04:26,98.81 
2018/04/21 10:08:40,91.71 
2018/04/21 10:19:34,99.91 
2018/04/21 10:37:53,92.93 
2018/04/21 11:07:00,90.64 
2018/04/21 12:15:07,91.27 
2018/04/21 13:18:35,97.05 
2018/04/21 14:34:14,91.02 
2018/04/21 14:54:31,93.05 
2018/04/21 15:05:18,92.70 
2018/04/21 16:27:49,95.00 
2018/04/21 17:04:15,96.34 
2018/04/21 17:32:57,94.29 
2018/04/21 17:39:53,99.86 
2018/04/21 18:23:23,97.56 
2018/04/21 18:33:48,90.13 
2018/04/21 18:51:12,94.20 
2018/04/21 18:58:54,97.40 
2018/04/21 19:17:51,99.42 
2018/04/21 19:51:39,99.30 
2018/04/21 20:02:08,94.10 
2018/04/21 20:38:53,96.49 
2018/04/21 20:57:18,95.71 
2018/04/21 22:49:59,92.82 
2018/04/21 23:33:13,94.21 
2018/04/21 23:48:30,93.17 
2018/04/22 00:55:48,98.29 
2018/04/22 00:58:50,97.72 
2018/04/22 01:11:25,98.60 
2018/04/22 03:26:39,91.86 
2018/04/22 03:57:48,94.11 
2018/04/22 05:26:10,92.49 
2018/04/22 05:37:47,92.66 
2018/04/22 06:04:57,95.18 
2018/04/22 06:16:26,96.19 
2018/04/22 06:20:48,92.43 
2018/04/22 06:46:32,94.67 
2018/04/22 07:15:32,92.36 
2018/04/22 07:34:22,98.94 
2018/04/22 07:49:09,93.62 
2018/04/22 08:05:20,97.11 
2018/04/22 08:19:56,95.94 
2018/04/22 08:45:41,98.07 
2018/04/22 10:30:19,90.65 
2018/04/22 10:35:56,91.54 
2018/04/22 10:37:13,92.75 
2018/04/22 11:55:45,95.86 
2018/04/22 11:59:29,92.30 
2018/04/22 12:38:08,95.33 
2018/04/22 14:05:43,95.18 
2018/04/22 14:31:00,92.38 
2018/04/22 18:17:06,99.12 
2018/04/22 19:19:36,99.46 
2018/04/22 19:34:36,93.06 
2018/04/22 19:52:58,96.33 
2018/04/22 20:32:24,96.05 
2018/04/22 21:47:10,93.96 
2018/04/22 23:44:45,91.36 
2018/04/22 23:58:44,93.36 
2018/04/23 00:06:47,95.03 
2018/04/23 00:44:40,90.92 
2018/04/23 05:12:47,90.18 
2018/04/23 06:30:10,99.40 
2018/04/23 06:47:38,97.27 
2018/04/23 07:52:56,99.82 
2018/04/23 08:42:46,95.59 
2018/04/23 08:49:11,93.72 
2018/04/23 09:01:19,97.78 
2018/04/23 09:09:15,98.95 
2018/04/23 10:24:58,95.17 
2018/04/23 10:34:39,96.17 
2018/04/23 11:06:27,95.38 
2018/04/23 11:27:14,91.07 
2018/04/23 12:01:00,90.85 
2018/04/23 12:59:34,90.26 
2018/04/23 13:18:37,93.44 
2018/04/23 13:41:11,94.87 
2018/04/23 14:00:34,99.96 
2018/04/23 14:15:19,92.72 
2018/04/23 14:31:01,91.68 
2018/04/23 14:32:46,91.70 
2018/04/23 14:51:00,95.12 
2018/04/23 16:43:15,90.94 
2018/04/23 17:35:56,94.07 
2018/04/23 18:05:09,97.80 
2018/04/23 20:59:42,92.58 
2018/04/23 21:30:42,97.01 
2018/04/23 21:39:29,90.90 
2018/04/23 22:00:20,95.67 
2018/04/23 23:34:18,95.02 
2018/04/24 00:07:50,97.88 
2018/04/24 00:56:29,98.59 
2018/04/24 02:03:14,98.07 
2018/04/24 03:20:25,92.89 
2018/04/24 05:56:30,96.07 
2018/04/24 06:56:26,96.74 
2018/04/24 07:17:19,90.84 
2018/04/24 08:10:53,94.17 
2018/04/24 11:50:39,93.90 
2018/04/24 12:02:57,93.28 
2018/04/24 12:59:40,91.40 
2018/04/24 13:19:40,91.69 
2018/04/24 13:31:38,94.31 
2018/04/24 14:27:22,99.30 
2018/04/24 14:43:58,99.26 
2018/04/24 15:58:05,96.86 
2018/04/24 16:13:43,99.76 
2018/04/24 16:22:04,98.09 
2018/04/24 16:49:38,90.97 
2018/04/24 17:10:17,95.95 
2018/04/24 17:55:22,98.78 
2018/04/24 18:25:13,98.25 
2018/04/24 20:47:46,90.06 
2018/04/24 21:43:28,90.48 
2018/04/24 21:50:02,92.69 
2018/04/24 22:30:38,96.40 
2018/04/24 23:44:40,96.60 
2018/04/25 00:18:34,99.46 
2018/04/25 00:39:55,93.21 
2018/04/25 01:12:52,91.17 
2018/04/25 01:13:35,90.56 
2018/04/25 02:46:51,98.60 
2018/04/25 03:12:45,98.43 
2018/04/25 05:33:13,99.66 
2018/04/25 05:40:34,92.72 
2018/04/25 05:47:38,99.06 
2018/04/25 07:30:31,91.45 
2018/04/25 07:40:53,98.96 
2018/04/25 07:52:45,94.54 
2018/04/25 08:50:23,94.32 
2018/04/25 09:58:00,96.57 
2018/04/25 11:04:05,99.10 
2018/04/25 11:12:54,99.96 
2018/04/25 12:00:45,90.60 
2018/04/25 13:03:30,96.85 
2018/04/25 14:32:25,99.89 
2018/04/25 14:34:26,92.08 
2018/04/25 14:49:21,90.57 
2018/04/25 16:07:59,99.37 
2018/04/25 16:16:11,93.57 
2018/04/25 16:21:02,95.55 
2018/04/25 17:15:17,99.62 
2018/04/25 18:32:07,96.53 
2018/04/25 18:49:24,99.01 
2018/04/25 19:07:26,90.79 
2018/04/25 19:50:20,98.20 
2018/04/25 19:59:40,90.57 
2018/04/25 20:55:49,94.90 
2018/04/25 22:50:49,92.89 
2018/04/25 23:21:24,96.61 
2018/04/26 00:54:03,91.06 
2018/04/26 01:17:54,90.26 
2018/04/26 02:37:26,93.74 
2018/04/26 03:08:12,95.59 
2018/04/26 03:19:05,97.14 
2018/04/26 05:35:32,95.12 
2018/04/26 06:26:55,91.37 
2018/04/26 06:27:53,97.38 
2018/04/26 07:34:57,94.50 
2018/04/26 09:38:08,99.19 
2018/04/26 12:21:47,99.10 
2018/04/26 13:50:53,90.04 
2018/04/26 14:24:06,95.79 
2018/04/26 14:36:22,93.03 
2018/04/26 15:48:01,98.41 
2018/04/26 16:13:26,97.31 
2018/04/26 16:46:17,91.46 
2018/04/26 17:18:33,91.71 
2018/04/26 17:23:25,91.96 
2018/04/26 17:46:18,95.74 
2018/04/26 17:52:15,90.66 
2018/04/26 21:19:21,93.25 
2018/04/26 21:55:32,96.32 
2018/04/26 22:15:55,92.74 
2018/04/26 22:56:12,95.25 
2018/04/26 23:38:27,90.50 
2018/04/27 01:44:39,91.90 
2018/04/27 01:48:51,99.42 
2018/04/27 03:01:58,94.68 
2018/04/27 05:31:58,98.99 
2018/04/27 06:08:15,100.44 
2018/04/27 07:07:45,98.03 
2018/04/27 07:45:30,99.42 
2018/04/27 08:08:26,96.76 
2018/04/27 08:39:32,99.88 
2018/04/27 10:30:25,98.23 
2018/04/27 11:06:10,101.03 
2018/04/27 11:25:37,99.50 
2018/04/27 11:27:43,100.59 
2018/04/27 11:28:39,104.86 
2018/04/27 12:12:38,103.89 
2018/04/27 12:45:16,104.79 
2018/04/27 12:54:22,98.37 
2018/04/27 13:00:24,97.63 
2018/04/27 14:26:31,101.71 
2018/04/27 17:07:35,95.74 
2018/04/27 17:40:00,103.33 
2018/04/27 18:18:01,104.97 
2018/04/27 18:23:08,100.05 
2018/04/27 19:26:14,96.39 
2018/04/27 19:28:41,97.83 
2018/04/27 21:20:15,104.13 
2018/04/27 21:57:19,104.27 
2018/04/27 23:23:43,100.33 
2018/04/28 02:22:30,97.78 
2018/04/28 03:08:57,95.61 
2018/04/28 03:38:08,100.48 
2018/04/28 04:02:37,103.32 
2018/04/28 04:38:02,100.63 
2018/04/28 05:31:15,98.02 
2018/04/28 05:39:50,96.88 
2018/04/28 05:45:47,100.46 
2018/04/28 06:44:18,98.61 
2018/04/28 07:20:12,96.91 
2018/04/28 08:13:51,103.98 
2018/04/28 08:22:02,99.87 
2018/04/28 09:53:28,98.83 
2018/04/28 10:26:53,99.52 
2018/04/28 12:11:41,104.40 
2018/04/28 12:48:08,104.15 
2018/04/28 12:52:15,97.44 
2018/04/28 13:37:51,96.43 
2018/04/28 14:48:59,100.19 
2018/04/28 14:49:08,98.08 
2018/04/28 17:02:30,98.55 
2018/04/28 17:59:51,104.52 
2018/04/28 19:06:01,99.48 
2018/04/28 19:58:55,103.56 
2018/04/28 20:05:58,95.67 
2018/04/28 20:16:45,97.61 
2018/04/28 20:36:42,100.67 
2018/04/28 20:45:39,103.21 
2018/04/28 21:15:20,100.47 
2018/04/28 22:59:53,95.65 
2018/04/29 00:52:17,97.80 
2018/04/29 01:03:19,95.52 
2018/04/29 02:57:12,104.46 
2018/04/29 05:17:38,100.99 
2018/04/29 05:37:48,99.84 
2018/04/29 07:16:06,103.60 
2018/04/29 08:55:34,97.08 
2018/04/29 11:14:45,100.87 
2018/04/29 12:07:00,103.56 
2018/04/29 12:35:53,102.15 
2018/04/29 12:42:04,104.18 
2018/04/29 13:08:07,99.46 
2018/04/29 13:37:24,95.55 
2018/04/29 14:06:02,101.51 
2018/04/29 15:07:26,95.37 
2018/04/29 16:06:43,95.20 
2018/04/29 16:52:16,101.07 
2018/04/29 16:55:36,99.79 
2018/04/29 17:24:22,97.40 
2018/04/29 17:37:50,100.07 
2018/04/29 18:32:05,95.77 
2018/04/29 18:58:30,96.71 
2018/04/29 20:21:52,102.67 
2018/04/29 21:14:43,97.20 
2018/04/29 22:27:08,99.40 
2018/04/29 23:13:05,104.42 
2018/04/29 23:15:37,102.83 
2018/04/29 23:17:15,100.63 
2018/04/29 23:18:44,103.93 
2018/04/30 01:34:11,96.12 
2018/04/30 02:32:01,97.28 
2018/04/30 02:38:45,102.11 
2018/04/30 02:53:03,100.93 
2018/04/30 04:39:27,101.64 
2018/04/30 06:00:30,100.09 
2018/04/30 06:24:12,99.95 
2018/04/30 06:56:35,101.23 
2018/04/30 07:21:55,104.76 
2018/04/30 09:20:27,95.48 
2018/04/30 10:05:09,97.26 
2018/04/30 10:47:27,102.86 
2018/04/30 12:39:58,102.50 
2018/04/30 12:59:05,95.99 
2018/04/30 13:19:18,102.10 
2018/04/30 14:05:22,103.63 
2018/04/30 14:20:01,96.42 
2018/04/30 14:39:09,102.08 
2018/04/30 14:50:01,98.82 
2018/04/30 15:57:40,104.73 
2018/04/30 16:33:52,95.19 
2018/04/30 16:35:19,98.43 
2018/04/30 17:32:56,96.84 
2018/04/30 17:52:13,101.42 
2018/04/30 17:59:25,103.09 
2018/04/30 18:25:47,104.92 
2018/04/30 19:05:31,98.90 
2018/04/30 19:14:10,97.22 
2018/04/30 20:20:12,104.03 
2018/04/30 20:39:33,99.59 
2018/04/30 20:41:21,103.47 
2018/04/30 21:22:17,101.04 
2018/04/30 21:30:55,100.03 
2018/04/30 23:33:24,102.23 
2018/05/01 00:27:10,103.21 
2018/05/01 00:35:38,98.53 
2018/05/01 00:45:02,97.43 
2018/05/01 00:48:52,98.46 
2018/05/01 01:52:34,95.94 
2018/05/01 02:28:08,100.18 
2018/05/01 03:05:47,101.99 
2018/05/01 04:25:36,95.57 
2018/05/01 04:50:11,95.79 
2018/05/01 05:01:30,95.04 
2018/05/01 05:07:29,101.26 
2018/05/01 05:30:10,96.06 
2018/05/01 06:13:12,102.54 
2018/05/01 06:28:48,99.75 
2018/05/01 06:41:13,96.05 
2018/05/01 07:17:51,101.22 
2018/05/01 09:41:41,98.49 
2018/05/01 09:47:22,97.55 
2018/05/01 10:07:27,103.03 
2018/05/01 10:17:59,95.24 
2018/05/01 10:42:06,104.58 
2018/05/01 11:38:03,99.38 
2018/05/01 12:23:53,104.51 
2018/05/01 13:33:56,97.02 
2018/05/01 14:45:08,103.22 
2018/05/01 14:52:53,99.89 
2018/05/01 15:13:05,98.31 
2018/05/01 15:53:27,104.64 
2018/05/01 19:14:43,96.99 
2018/05/01 21:08:23,96.00 
2018/05/01 21:30:32,96.34 
2018/05/01 21:34:45,96.00 
2018/05/01 21:53:54,96.61 
2018/05/01 23:04:59,97.42 
2018/05/01 23:35:56,101.89 
2018/05/01 23:39:54,95.29 
2018/05/02 00:22:43,104.36 
2018/05/02 02:19:22,99.33 
2018/05/02 03:48:26,95.39 
2018/05/02 05:36:08,97.21 
2018/05/02 06:40:11,101.47 
2018/05/02 06:53:07,95.39 
2018/05/02 08:06:26,104.69 
2018/05/02 08:59:10,103.92 
2018/05/02 09:33:49,98.92 
2018/05/02 11:11:01,102.21 
2018/05/02 12:41:06,95.43 
2018/05/02 14:09:29,101.70 
2018/05/02 15:29:33,99.57 
2018/05/02 15:42:00,104.06 
2018/05/02 15:44:05,96.49 
2018/05/02 16:13:35,104.31 
2018/05/02 18:21:44,99.01 
2018/05/02 18:49:55,104.53 
2018/05/02 20:08:09,100.71 
2018/05/02 20:17:52,101.31 
2018/05/02 20:32:55,98.89 
2018/05/02 20:57:09,102.87 
2018/05/02 21:00:35,98.44 
2018/05/02 21:47:03,96.74 
2018/05/02 22:04:36,100.89 
2018/05/02 22:22:51,101.05 
2018/05/03 00:32:18,95.89 
2018/05/03 01:14:05,104.24 
2018/05/03 01:14:36,103.42 
2018/05/03 02:21:13,103.21 
2018/05/03 02:57:46,98.34 
2018/05/03 04:10:57,97.32 
2018/05/03 06:46:03,100.02 
2018/05/03 06:49:31,103.73 
2018/05/03 06:52:47,96.62 
2018/05/03 07:33:15,95.62 
2018/05/03 07:50:55,102.71 
2018/05/03 08:04:19,102.97 
2018/05/03 08:16:24,104.54 
2018/05/03 08:27:09,104.77 
2018/05/03 09:06:50,103.58 
2018/05/03 09:52:15,101.07 
2018/05/03 10:03:31,99.22 
2018/05/03 11:10:36,98.16 
2018/05/03 11:36:14,103.89 
2018/05/03 14:08:11,102.36 
2018/05/03 16:41:00,101.93 
2018/05/03 17:04:00,101.30 
2018/05/03 18:00:19,95.83 
2018/05/03 18:39:05,102.17 
2018/05/03 18:59:34,95.09 
2018/05/03 19:40:57,101.03 
2018/05/03 21:13:39,104.26 
2018/05/03 21:16:02,97.25 
2018/05/03 21:32:24,97.80 
2018/05/03 21:48:10,98.62 
2018/05/03 22:05:58,98.60 
2018/05/03 23:05:29,97.91 
2018/05/03 23:35:02,101.90 
2018/05/04 00:47:08,104.91 
2018/05/04 00:58:07,100.39 
2018/05/04 01:29:50,95.96 
2018/05/04 02:28:59,95.68 
2018/05/04 02:51:48,104.80 
2018/05/04 02:55:35,96.87 
2018/05/04 03:51:36,100.28 
2018/05/04 05:22:49,100.69 
2018/05/04 08:19:20,99.69 
2018/05/04 08:30:50,103.51 
2018/05/04 08:54:43,104.16 
2018/05/04 09:04:59,99.33 
2018/05/04 09:10:38,98.31 
2018/05/04 09:12:33,101.20 
2018/05/04 09:57:49,98.45 
2018/05/04 11:39:15,98.37 
2018/05/04 12:36:56,98.09 
2018/05/04 13:57:29,96.59 
2018/05/04 15:16:55,103.79 
2018/05/04 15:25:32,103.49 
2018/05/04 15:52:56,101.64 
2018/05/04 16:10:47,103.51 
2018/05/04 17:14:32,104.37 
2018/05/04 17:34:00,98.44 
2018/05/04 17:39:59,99.21 
2018/05/04 18:07:51,99.06 
2018/05/04 18:13:17,95.45 
2018/05/04 18:46:17,95.86 
2018/05/04 19:34:52,104.56 
2018/05/04 19:35:14,101.44 
2018/05/04 20:09:04,96.93 
2018/05/04 20:34:00,101.89 
2018/05/04 20:55:17,101.74 
2018/05/04 23:45:14,101.03 
2018/05/05 00:30:49,95.66 
2018/05/05 02:03:54,95.51 
2018/05/05 02:07:48,97.99 
2018/05/05 02:33:41,100.96 
2018/05/05 02:59:55,100.18 
2018/05/05 03:51:51,97.34 
2018/05/05 03:59:34,101.50 
2018/05/05 05:45:43,102.07 
2018/05/05 07:11:25,105.00 
2018/05/05 08:21:37,96.24 
2018/05/05 09:17:58,103.76 
2018/05/05 09:38:14,102.46 
2018/05/05 10:35:09,97.57 
2018/05/05 11:15:52,95.65 
2018/05/05 11:49:01,100.50 
2018/05/05 12:45:09,99.58 
2018/05/05 14:45:52,97.19 
2018/05/05 17:29:27,101.49 
2018/05/05 17:41:01,95.43 
2018/05/05 17:54:57,95.68 
2018/05/05 18:32:40,102.47 
2018/05/05 18:47:17,97.56 
2018/05/05 18:49:44,97.58 
2018/05/05 18:49:58,104.64 
2018/05/05 19:17:46,98.64 
2018/05/05 20:30:43,100.09 
2018/05/05 20:45:11,99.51 
2018/05/05 20:53:34,97.21 
2018/05/05 21:18:54,104.60 
2018/05/05 22:05:27,98.20 
2018/05/05 22:11:29,95.03 
2018/05/05 22:15:10,99.51 
2018/05/05 22:50:01,97.47 
2018/05/05 23:07:44,101.01 
2018/05/05 23:46:10,101.19 
2018/05/06 00:07:50,98.87 
2018/05/06 01:34:38,95.61 
2018/05/06 01:53:05,104.39 
2018/05/06 02:01:28,100.60 
2018/05/06 02:32:19,103.36 
2018/05/06 02:36:16,102.78 
2018/05/06 02:57:53,104.12 
2018/05/06 03:19:02,95.58 
2018/05/06 03:25:13,101.69 
2018/05/06 04:13:14,102.62 
2018/05/06 05:44:14,103.19 
2018/05/06 06:14:59,95.82 
2018/05/06 06:41:58,103.12 
2018/05/06 06:53:59,100.52 
2018/05/06 07:04:26,103.78 
2018/05/06 08:28:13,104.70 
2018/05/06 08:55:27,104.52 
2018/05/06 08:58:21,95.97 
2018/05/06 10:19:34,102.57 
2018/05/06 10:39:45,99.19 
2018/05/06 10:57:25,95.02 
2018/05/06 11:23:05,101.48 
2018/05/06 11:26:53,101.56 
2018/05/06 12:17:35,98.34 
2018/05/06 13:59:00,99.64 
2018/05/06 14:08:51,95.53 
2018/05/06 15:42:33,97.63 
2018/05/06 16:45:52,100.95 
2018/05/06 17:03:02,98.70 
2018/05/06 17:09:12,98.52 
2018/05/06 19:08:16,99.79 
2018/05/06 19:29:17,95.14 
2018/05/06 19:44:53,95.40 
2018/05/06 20:09:14,104.31 
2018/05/06 20:44:47,97.59 
2018/05/06 21:33:49,95.15 
2018/05/06 21:37:24,100.59 
2018/05/06 21:39:01,99.52 
2018/05/06 22:16:49,104.86 
2018/05/06 23:20:23,95.84 
2018/05/06 23:34:08,102.42 
2018/05/06 23:44:04,97.50 
2018/05/06 23:50:05,100.13 
2018/05/07 01:22:48,95.90 
2018/05/07 02:00:19,99.11 
2018/05/07 02:38:53,97.88 
2018/05/07 02:49:48,96.47 
2018/05/07 02:57:01,100.35 
2018/05/07 03:52:40,101.37 
2018/05/07 04:16:20,96.97 
2018/05/07 04:28:46,99.03 
2018/05/07 04:58:35,103.60 
2018/05/07 06:16:23,99.61 
2018/05/07 07:46:47,96.31 
2018/05/07 08:37:40,104.64 
2018/05/07 08:38:05,100.42 
2018/05/07 09:20:58,95.18 
2018/05/07 10:20:13,100.61 
2018/05/07 11:07:01,96.50 
2018/05/07 11:14:32,98.63 
2018/05/07 13:02:56,99.57 
2018/05/07 13:36:04,102.12 
2018/05/07 14:21:35,97.80 
2018/05/07 14:48:08,104.43 
2018/05/07 14:49:25,104.73 
2018/05/07 15:05:07,100.93 
2018/05/07 16:02:57,98.12 
2018/05/07 16:27:37,98.19 
2018/05/07 16:31:45,99.31 
2018/05/07 19:00:33,100.18 
2018/05/07 19:12:05,104.32 
2018/05/07 19:42:48,101.09 
2018/05/07 20:23:17,95.71 
2018/05/07 21:06:39,101.75 
2018/05/07 21:22:27,98.09 
2018/05/07 22:08:10,104.27 
2018/05/07 22:43:01,97.96 
2018/05/07 23:19:53,95.56 
2018/05/07 23:39:08,99.91 
2018/05/07 23:39:50,98.57 
2018/05/08 00:07:18,95.53 
2018/05/08 00:09:00,103.52 
2018/05/08 01:39:29,99.83 
2018/05/08 01:46:02,102.06 
2018/05/08 02:06:18,101.24 
2018/05/08 02:13:55,104.44 
2018/05/08 02:17:07,100.27 
2018/05/08 02:39:31,100.11 
2018/05/08 02:50:17,98.69 
2018/05/08 03:25:48,100.47 
2018/05/08 05:51:34,101.12 
2018/05/08 06:03:52,102.34 
2018/05/08 07:58:36,101.19 
2018/05/08 08:20:36,103.68 
2018/05/08 08:58:38,100.47 
2018/05/08 09:07:18,97.45 
2018/05/08 09:20:13,102.14 
2018/05/08 12:45:45,100.56 
2018/05/08 14:19:10,99.30 
2018/05/08 15:24:31,103.15 
2018/05/08 15:33:39,97.38 
2018/05/08 15:41:06,95.38 
2018/05/08 16:02:38,97.40 
2018/05/08 18:21:22,105.00 
2018/05/08 18:47:16,100.18 
2018/05/08 18:51:10,101.07 
2018/05/08 23:26:10,98.58 
2018/05/08 23:45:22,96.19 
2018/05/08 23:58:48,102.00 
2018/05/09 00:36:09,98.17 
2018/05/09 01:17:29,100.03 
2018/05/09 01:23:34,102.31 
2018/05/09 03:00:14,103.61 
2018/05/09 03:03:53,95.69 
2018/05/09 03:50:17,99.35 
2018/05/09 04:15:07,98.52 
2018/05/09 04:58:03,100.57 
2018/05/09 05:52:58,99.08 
2018/05/09 06:04:16,98.02 
2018/05/09 08:58:39,102.18 
2018/05/09 09:50:17,101.99 
2018/05/09 10:37:42,100.56 
2018/05/09 11:01:30,99.38 
2018/05/09 13:22:52,104.65 
2018/05/09 13:49:38,95.99 
2018/05/09 15:03:35,99.84 
2018/05/09 15:29:25,100.38 
2018/05/09 16:38:25,96.86 
2018/05/09 18:35:44,103.08 
2018/05/09 20:00:58,100.82 
2018/05/09 20:11:32,104.40 
2018/05/09 21:32:29,95.51 
2018/05/09 22:29:48,98.28 
2018/05/09 22:45:11,97.59 
2018/05/09 22:50:28,98.09 
2018/05/10 01:08:39,104.62 
2018/05/10 01:31:18,104.65 
2018/05/10 02:02:15,103.20 
2018/05/10 02:10:13,99.20 
2018/05/10 02:31:20,102.89 
2018/05/10 03:46:54,96.92 
2018/05/10 06:55:58,104.63 
2018/05/10 08:13:54,96.20 
2018/05/10 08:46:09,103.61 
2018/05/10 10:40:49,102.17 
2018/05/10 11:24:52,102.63 
2018/05/10 11:54:43,101.95 
2018/05/10 13:01:56,99.93 
2018/05/10 14:01:11,98.69 
2018/05/10 15:06:49,100.48 
2018/05/10 15:51:31,97.68 
2018/05/10 16:00:48,100.76 
2018/05/10 16:03:13,102.61 
2018/05/10 16:11:50,96.46 
2018/05/10 16:18:41,103.46 
2018/05/10 17:09:37,95.79 
2018/05/10 17:56:08,103.13 
2018/05/10 18:02:18,102.03 
2018/05/10 18:09:01,95.64 
2018/05/10 18:40:17,96.33 
2018/05/10 19:25:24,102.47 
2018/05/10 19:50:51,102.07 
2018/05/10 20:18:47,95.18 
2018/05/10 22:14:16,101.14 
2018/05/11 00:29:23,104.83 
2018/05/11 01:20:53,102.01 
2018/05/11 02:00:16,97.83 
2018/05/11 02:30:21,103.21 
2018/05/11 02:34:45,100.78 
2018/05/11 04:09:52,95.52 
2018/05/11 05:17:05,101.45 
2018/05/11 05:18:00,104.31 
2018/05/11 06:47:22,102.26 
2018/05/11 07:39:08,101.13 
2018/05/11 07:52:38,99.54 
2018/05/11 08:00:52,101.79 
2018/05/11 08:06:15,98.36 
2018/05/11 08:47:55,101.47 
2018/05/11 09:14:55,102.84 
2018/05/11 09:46:30,99.81 
2018/05/11 10:46:40,95.98 
2018/05/11 10:48:26,101.33 
2018/05/11 11:14:44,104.41 
2018/05/11 12:39:20,100.77 
2018/05/11 13:30:35,103.05 
2018/05/11 13:35:27,101.46 
2018/05/11 14:34:25,98.31 
2018/05/11 15:31:52,102.52 
2018/05/11 16:09:34,95.21 
2018/05/11 16:14:36,99.22 
2018/05/11 19:19:02,100.51 
2018/05/11 21:09:03,96.90 
2018/05/11 21:35:59,95.16 
2018/05/11 22:54:43,104.13 
2018/05/11 22:57:14,96.40 
2018/05/12 00:18:10,97.91 
2018/05/12 01:12:22,101.34 
2018/05/12 01:20:39,99.76 
2018/05/12 03:16:09,104.80 
2018/05/12 03:47:36,95.09 
2018/05/12 03:54:31,101.18 
2018/05/12 05:07:19,97.36 
2018/05/12 05:30:24,95.16 
2018/05/12 06:21:39,99.31 
2018/05/12 06:37:16,104.80 
2018/05/12 08:47:39,103.33 
2018/05/12 09:30:28,99.55 
2018/05/12 10:13:00,98.47 
2018/05/12 13:29:40,95.09 
2018/05/12 13:52:22,98.90 
2018/05/12 14:22:47,102.46 
2018/05/12 17:03:53,103.39 
2018/05/12 17:48:22,98.41 
2018/05/12 18:54:10,98.10 
2018/05/12 20:07:02,95.65 
2018/05/12 20:27:20,103.69 
2018/05/12 20:46:48,101.86 
2018/05/12 21:15:07,99.55 
2018/05/12 21:29:06,101.57 
2018/05/12 21:45:59,102.41 
2018/05/12 21:47:03,107.03 
2018/05/12 22:58:33,109.10 
2018/05/12 23:21:56,103.94 
2018/05/13 01:17:21,103.91 
2018/05/13 01:39:39,101.40 
2018/05/13 02:19:54,110.16 
2018/05/13 02:20:08,103.82 
2018/05/13 03:09:53,107.21 
2018/05/13 04:25:11,102.25 
2018/05/13 04:27:59,101.44 
2018/05/13 04:54:04,108.10 
2018/05/13 05:23:48,109.86 
2018/05/13 05:48:30,104.07 
2018/05/13 07:15:26,105.62 
2018/05/13 07:20:30,108.11 
2018/05/13 07:22:22,103.28 
2018/05/13 08:14:24,106.66 
2018/05/13 08:30:01,101.83 
2018/05/13 08:39:31,107.02 
2018/05/13 09:21:47,107.93 
2018/05/13 09:55:11,105.69 
2018/05/13 10:59:55,107.79 
2018/05/13 11:17:17,105.85 
2018/05/13 11:27:28,104.60 
2018/05/13 12:52:29,104.05 
2018/05/13 14:22:59,102.48 
2018/05/13 14:37:13,101.94 
2018/05/13 14:43:21,102.97 
2018/05/13 17:38:17,106.01 
2018/05/13 18:32:43,107.20 
2018/05/13 18:57:05,104.07 
2018/05/13 21:17:14,105.57 
2018/05/13 21:40:06,101.25 
2018/05/13 22:03:14,101.40 
2018/05/13 23:08:28,104.84 
2018/05/13 23:27:57,109.84 
2018/05/14 00:05:09,107.81 
2018/05/14 00:19:12,107.19 
2018/05/14 00:27:43,110.84 
2018/05/14 00:51:31,108.10 
2018/05/14 02:36:19,105.76 
2018/05/14 03:28:22,104.26 
2018/05/14 03:33:31,102.01 
2018/05/14 05:35:42,108.87 
2018/05/14 06:30:53,103.42 
2018/05/14 06:43:34,101.20 
2018/05/14 06:57:39,106.13 
2018/05/14 07:35:46,106.67 
2018/05/14 07:38:59,106.09 
2018/05/14 07:58:45,107.06 
2018/05/14 09:53:50,108.74 
2018/05/14 10:09:12,102.78 
2018/05/14 11:41:11,108.37 
2018/05/14 13:23:02,105.47 
2018/05/14 14:50:19,109.98 
2018/05/14 15:27:22,107.29 
2018/05/14 15:46:17,104.59 
2018/05/14 16:24:59,103.49 
2018/05/14 17:30:00,107.54 
2018/05/14 19:34:10,108.06 
2018/05/14 19:43:01,109.00 
2018/05/14 22:25:49,104.53 
2018/05/15 01:41:31,110.80 
2018/05/15 02:04:05,103.44 
2018/05/15 02:04:25,102.31 
2018/05/15 02:54:41,109.87 
2018/05/15 03:33:07,106.48 
2018/05/15 04:24:13,103.30 
2018/05/15 06:19:48,110.33 
2018/05/15 07:31:02,107.69 
2018/05/15 07:38:07,102.16 
2018/05/15 07:59:39,108.48 
2018/05/15 08:44:42,108.22 
2018/05/15 09:22:57,109.63 
2018/05/15 09:36:41,110.55 
2018/05/15 10:58:54,101.61 
2018/05/15 11:01:02,102.87 
2018/05/15 11:10:29,110.30 
2018/05/15 12:09:46,106.46 
2018/05/15 13:24:21,102.22 
2018/05/15 13:39:34,107.82 
2018/05/15 14:25:16,103.10 
2018/05/15 15:05:48,101.60 
2018/05/15 15:12:14,101.47 
2018/05/15 16:00:35,108.41 
2018/05/15 16:17:57,105.81 
2018/05/15 16:19:07,109.76 
2018/05/15 17:08:15,110.13 
2018/05/15 18:01:45,107.10 
2018/05/15 18:03:37,102.95 
2018/05/15 20:50:00,105.96 
2018/05/15 21:13:34,101.51 
2018/05/15 22:09:18,101.10 
2018/05/15 22:49:35,103.70 
2018/05/15 23:37:30,106.51 
2018/05/16 00:08:16,105.86 
2018/05/16 01:01:28,108.50 
2018/05/16 01:24:27,108.20 
2018/05/16 02:33:26,107.97 
2018/05/16 02:44:05,106.70 
2018/05/16 03:10:01,104.28 
2018/05/16 03:42:58,109.17 
2018/05/16 04:02:58,107.56 
2018/05/16 05:36:13,106.74 
2018/05/16 05:39:08,103.18 
2018/05/16 05:50:12,103.52 
2018/05/16 08:23:16,102.64 
2018/05/16 09:08:32,105.91 
2018/05/16 09:57:39,104.41 
2018/05/16 10:20:38,103.28 
2018/05/16 11:54:37,101.06 
2018/05/16 12:46:44,105.29 
2018/05/16 13:08:52,107.44 
2018/05/16 13:31:45,101.65 
2018/05/16 14:15:35,104.51 
2018/05/16 14:22:53,107.92 
2018/05/16 15:19:45,108.58 
2018/05/16 15:40:38,109.17 
2018/05/16 16:55:16,109.64 
2018/05/16 17:46:47,104.88 
2018/05/16 18:34:49,102.75 
2018/05/16 19:58:43,103.86 
2018/05/16 21:27:40,101.89 
2018/05/16 21:52:18,101.26 
2018/05/17 01:01:18,105.95 
2018/05/17 02:04:13,102.87 
2018/05/17 02:15:16,105.76 
2018/05/17 02:42:41,103.99 
2018/05/17 03:53:07,110.07 
2018/05/17 04:16:01,102.34 
2018/05/17 05:04:52,110.76 
2018/05/17 05:18:16,109.43 
2018/05/17 05:18:38,105.26 
2018/05/17 05:33:41,103.40 
2018/05/17 07:00:16,110.36 
2018/05/17 07:25:39,101.24 
2018/05/17 07:51:53,104.09 
2018/05/17 08:17:49,110.71 
2018/05/17 08:43:40,109.00 
2018/05/17 09:50:45,106.60 
2018/05/17 12:15:26,103.70 
2018/05/17 12:28:26,110.62 
2018/05/17 12:59:47,108.91 
2018/05/17 13:00:07,107.89 
2018/05/17 14:17:15,102.35 
2018/05/17 14:30:01,106.72 
2018/05/17 14:47:13,108.05 
2018/05/17 15:25:43,109.18 
2018/05/17 16:09:20,101.07 
2018/05/17 16:48:41,109.03 
2018/05/17 17:51:24,105.35 
2018/05/17 18:23:35,103.60 
2018/05/17 19:03:52,102.94 
2018/05/17 19:22:15,104.36 
2018/05/17 20:12:11,103.88 
2018/05/17 20:14:59,109.24 
2018/05/17 20:19:33,103.50 
2018/05/17 20:40:01,101.73 
2018/05/17 20:58:24,105.57 
2018/05/17 21:28:50,103.35 
2018/05/17 21:31:27,101.79 
2018/05/18 00:35:42,105.61 
2018/05/18 02:25:24,108.79 
2018/05/18 05:09:30,110.25 
2018/05/18 05:24:36,107.09 
2018/05/18 07:37:41,109.74 
2018/05/18 09:20:11,101.72 
2018/05/18 10:44:15,106.14 
2018/05/18 12:35:52,104.06 
2018/05/18 12:55:18,103.60 
2018/05/18 13:03:19,102.44 
2018/05/18 13:04:00,104.39 
2018/05/18 17:50:28,110.41 
2018/05/18 18:16:51,110.59 
2018/05/18 18:18:04,102.69 
2018/05/18 18:29:58,104.44 
2018/05/18 19:36:57,106.35 
2018/05/18 21:02:39,102.66 
2018/05/18 23:03:18,104.65 
2018/05/18 23:54:31,102.26 
2018/05/19 00:26:31,106.13 
2018/05/19 01:33:36,104.07 
2018/05/19 01:54:24,103.27 
2018/05/19 03:12:58,106.90 
2018/05/19 03:46:32,110.25 
2018/05/19 06:07:39,107.75 
2018/05/19 06:14:39,102.84 
2018/05/19 06:16:09,104.66 
2018/05/19 06:48:52,104.07 
2018/05/19 07:48:23,109.73 
2018/05/19 08:51:44,102.15 
2018/05/19 09:11:26,106.44 
2018/05/19 09:15:01,106.67 
2018/05/19 09:57:01,102.01 
2018/05/19 10:25:53,108.00 
2018/05/19 13:54:26,108.59 
2018/05/19 13:57:07,102.23 
2018/05/19 15:13:12,101.62 
2018/05/19 15:58:33,106.14 
2018/05/19 16:27:43,101.44 
2018/05/19 17:10:52,109.74 
2018/05/19 17:49:03,110.59 
2018/05/19 18:36:48,110.30 
2018/05/19 19:45:55,103.27 
2018/05/19 19:57:11,103.31 
2018/05/19 21:07:58,103.15 
2018/05/19 21:34:40,102.35 
2018/05/19 23:16:19,107.34 
2018/05/20 00:09:29,106.68 
2018/05/20 00:37:22,106.38 
2018/05/20 01:19:52,104.66 
2018/05/20 01:26:53,108.48 
2018/05/20 01:29:19,102.43 
2018/05/20 01:39:08,107.28 
2018/05/20 01:39:24,104.18 
2018/05/20 02:09:24,102.01 
2018/05/20 03:59:37,108.67 
2018/05/20 04:18:17,109.26 
2018/05/20 04:22:38,110.48 
2018/05/20 05:27:04,107.85 
2018/05/20 05:29:46,109.39 
2018/05/20 07:27:19,110.10 
2018/05/20 08:38:34,101.33 
2018/05/20 09:17:41,105.68 
2018/05/20 09:25:51,104.63 
2018/05/20 09:53:48,102.08 
2018/05/20 09:58:25,101.04 
2018/05/20 10:20:38,108.85 
2018/05/20 10:38:35,103.90 
2018/05/20 11:25:51,106.37 
2018/05/20 11:30:01,105.82 
2018/05/20 11:31:15,110.26 
2018/05/20 11:40:32,101.71 
2018/05/20 12:09:21,107.54 
2018/05/20 12:23:02,101.31 
2018/05/20 13:21:48,103.58 
2018/05/20 13:23:49,108.77 
2018/05/20 13:42:48,102.67 
2018/05/20 13:50:10,109.15 
2018/05/20 14:00:35,109.77 
2018/05/20 14:41:50,105.35 
2018/05/20 14:49:46,107.15 
2018/05/20 14:50:37,106.08 
2018/05/20 16:15:52,110.52 
2018/05/20 16:18:14,105.10 
2018/05/20 16:55:46,103.12 
2018/05/20 17:19:55,110.63 
2018/05/20 19:55:28,107.00 
2018/05/20 21:50:58,107.86 
2018/05/20 22:38:00,107.54 
2018/05/20 23:19:47,110.16 
2018/05/21 00:02:11,107.19 
2018/05/21 01:57:51,108.37 
2018/05/21 02:02:45,106.87 
2018/05/21 02:28:48,103.75 
2018/05/21 02:38:37,106.53 
2018/05/21 02:54:04,104.33 
2018/05/21 04:46:01,102.77 
2018/05/21 05:22:59,108.54 
2018/05/21 05:49:17,107.62 
2018/05/21 05:57:50,110.88 
2018/05/21 06:48:49,104.06 
2018/05/21 08:36:26,103.32 
2018/05/21 10:00:43,105.33 
2018/05/21 13:22:03,105.54 
2018/05/21 13:25:30,107.07 
2018/05/21 13:35:03,107.52 
2018/05/21 15:58:50,105.49 
2018/05/21 16:12:14,102.71 
2018/05/21 16:22:29,106.02 
2018/05/21 17:14:50,107.72 
2018/05/21 17:53:20,103.63 
2018/05/21 18:07:15,101.83 
2018/05/21 18:28:39,101.59 
2018/05/21 18:45:36,109.35 
2018/05/21 19:05:11,105.23 
2018/05/22 00:15:28,105.80 
2018/05/22 00:28:49,103.98 
2018/05/22 02:19:51,110.63 
2018/05/22 02:23:08,109.94 
2018/05/22 02:59:57,110.76 
2018/05/22 03:26:14,101.69 
2018/05/22 03:33:34,109.74 
2018/05/22 04:42:14,105.07 
2018/05/22 05:00:39,106.46 
2018/05/22 06:21:14,102.25 
2018/05/22 06:30:27,107.96 
2018/05/22 06:36:27,109.12 
2018/05/22 08:01:46,103.38 
2018/05/22 09:02:52,110.76 
2018/05/22 10:42:54,107.23 
2018/05/22 11:16:32,106.86 
2018/05/22 12:09:31,101.76 
2018/05/22 13:02:31,108.86 
2018/05/22 13:15:57,107.49 
2018/05/22 13:28:59,109.63 
2018/05/22 13:42:24,103.10 
2018/05/22 14:09:24,107.49 
2018/05/22 15:41:53,106.93 
2018/05/22 16:27:43,105.76 
2018/05/22 17:15:59,107.38 
2018/05/22 17:44:02,104.08 
2018/05/22 18:19:03,104.90 
2018/05/22 19:09:53,104.15 
2018/05/22 19:19:10,106.92 
2018/05/22 20:07:51,108.33 
2018/05/22 21:52:28,107.77 
2018/05/22 21:52:50,101.30 
2018/05/22 22:08:49,107.01 
2018/05/22 23:49:22,109.91 
2018/05/23 00:07:09,109.76 
2018/05/23 00:43:53,106.39 
2018/05/23 00:58:21,105.34 
2018/05/23 01:41:06,106.34 
2018/05/23 01:54:08,108.72 
2018/05/23 01:57:57,101.23 
2018/05/23 03:34:19,102.54 
2018/05/23 07:40:32,106.76 
2018/05/23 07:55:48,107.58 
2018/05/23 11:08:46,102.86 
2018/05/23 11:22:12,109.60 
2018/05/23 11:56:37,107.36 
2018/05/23 12:04:47,101.26 
2018/05/23 13:01:57,101.46 
2018/05/23 13:53:58,105.54 
2018/05/23 14:38:33,108.31 
2018/05/23 16:09:07,109.26 
2018/05/23 17:34:58,103.70 
2018/05/23 17:48:11,107.04 
2018/05/23 20:10:43,106.66 
2018/05/24 00:58:40,102.24 
2018/05/24 01:20:36,101.21 
2018/05/24 01:50:59,108.86 
2018/05/24 03:07:27,108.18 
2018/05/24 03:43:30,109.25 
2018/05/24 05:28:39,105.98 
2018/05/24 07:53:02,106.28 
2018/05/24 07:56:38,107.26 
2018/05/24 08:14:43,109.70 
2018/05/24 08:34:11,106.02 
2018/05/24 08:35:03,110.15 
2018/05/24 08:59:37,108.65 
2018/05/24 10:27:50,108.19 
2018/05/24 13:38:09,109.75 
2018/05/24 13:42:54,107.93 
2018/05/24 14:15:14,105.24 
2018/05/24 15:08:36,101.44 
2018/05/24 15:34:10,107.93 
2018/05/24 15:52:29,106.88 
2018/05/24 16:09:31,107.25 
2018/05/24 16:27:06,108.89 
2018/05/24 16:46:15,108.46 
2018/05/24 19:00:34,105.44 
2018/05/24 19:07:23,103.63 
2018/05/24 19:55:15,104.82 
2018/05/24 21:17:57,106.12 
2018/05/24 21:39:13,103.90 
2018/05/24 23:32:47,109.14 
2018/05/24 23:58:54,101.77 
2018/05/25 00:00:24,110.12 
2018/05/25 01:22:24,102.87 
2018/05/25 01:56:32,105.62 
2018/05/25 01:58:07,101.74 
2018/05/25 04:25:40,101.62 
2018/05/25 06:12:34,103.74 
2018/05/25 06:54:48,106.35 
2018/05/25 07:06:14,103.11 
2018/05/25 08:21:55,102.36 
2018/05/25 08:22:38,108.34 
2018/05/25 11:04:53,103.23 
2018/05/25 12:26:00,102.67 
2018/05/25 12:27:26,107.12 
2018/05/25 12:34:17,110.95 
2018/05/25 12:38:01,102.25 
2018/05/25 12:51:54,101.23 
2018/05/25 12:56:20,104.27 
2018/05/25 13:32:57,107.03 
2018/05/25 13:56:44,102.87 
2018/05/25 14:24:21,107.60 
2018/05/25 14:27:54,104.32 
2018/05/25 15:59:55,107.30 
2018/05/25 18:08:01,102.43 
2018/05/25 18:18:23,105.88 
2018/05/25 18:56:22,104.36 
2018/05/25 19:40:59,107.28 
2018/05/25 19:51:16,102.37 
2018/05/25 20:51:22,103.85 
2018/05/25 21:20:00,106.17 
2018/05/25 22:32:59,101.76 
2018/05/25 23:48:50,103.67 
2018/05/26 01:08:33,106.68 
2018/05/26 01:15:06,104.72 
2018/05/26 02:26:12,104.05 
2018/05/26 02:35:30,102.73 
2018/05/26 03:18:51,105.10 
2018/05/26 03:28:38,106.10 
2018/05/26 03:32:35,104.39 
2018/05/26 04:08:24,101.47 
2018/05/26 04:58:46,102.44 
2018/05/26 05:53:11,107.55 
2018/05/26 09:04:36,109.93 
2018/05/26 09:22:52,104.90 
2018/05/26 09:54:26,102.11 
2018/05/26 10:57:46,110.54 
2018/05/26 11:48:04,107.90 
2018/05/26 12:07:41,106.05 
2018/05/26 12:47:55,108.75 
2018/05/26 14:24:48,102.39 
2018/05/26 15:51:35,108.16 
2018/05/26 16:09:32,104.44 
2018/05/26 16:32:26,108.53 
2018/05/26 17:44:35,105.90 
2018/05/26 17:45:42,110.15 
2018/05/26 17:45:46,102.63 
2018/05/26 18:43:42,109.62 
2018/05/26 19:18:51,101.86 
2018/05/26 19:57:03,101.37 
2018/05/26 20:11:05,103.55 
2018/05/26 20:30:25,106.66 
2018/05/26 21:11:03,103.46 
2018/05/26 22:59:48,110.98 
2018/05/27 00:11:50,105.24 
2018/05/27 01:09:25,107.42 
2018/05/27 02:18:33,109.59 
2018/05/27 02:52:33,108.25 
2018/05/27 03:13:15,104.64 
2018/05/27 03:44:33,104.13 
2018/05/27 05:34:58,108.83 
2018/05/27 06:09:22,105.35 
2018/05/27 06:55:58,103.90 
2018/05/27 07:28:05,103.56 
2018/05/27 07:49:13,107.68 
2018/05/27 08:40:48,104.75 
2018/05/27 08:45:12,105.03 
2018/05/27 08:52:08,106.75 
2018/05/27 09:33:54,105.32 
2018/05/27 11:27:54,109.73 
2018/05/27 12:41:10,109.29 
2018/05/27 14:03:08,108.17 
2018/05/27 14:10:38,110.67 
2018/05/27 14:29:08,106.49 
2018/05/27 14:45:20,105.42 
2018/05/27 15:28:28,103.63 
2018/05/27 15:54:25,109.17 
2018/05/27 17:42:51,105.97 
2018/05/27 17:48:12,110.96 
2018/05/27 19:14:04,103.24 
2018/05/27 21:18:29,103.27 
2018/05/28 00:06:16,103.18 
2018/05/28 00:13:52,110.06 
2018/05/28 00:56:59,107.99 
2018/05/28 01:44:20,101.33 
2018/05/28 02:44:51,103.40 
2018/05/28 04:01:54,103.25 
2018/05/28 04:54:56,105.97 
2018/05/28 05:38:33,108.36 
2018/05/28 05:56:40,103.60 
2018/05/28 06:20:42,104.69 
2018/05/28 08:15:17,103.77 
2018/05/28 08:19:55,105.37 
2018/05/28 09:37:45,107.13 
2018/05/28 10:21:41,102.58 
2018/05/28 11:06:31,101.02 
2018/05/28 11:11:10,104.83 
2018/05/28 11:22:27,110.16 
2018/05/28 11:35:56,102.85 
2018/05/28 11:36:27,101.13 
2018/05/28 15:01:45,107.86 
2018/05/28 16:03:02,107.11 
2018/05/28 16:44:28,104.82 
2018/05/28 16:49:05,108.60 
2018/05/28 18:00:10,108.60 
2018/05/28 18:29:13,109.07 
2018/05/28 18:40:59,105.90 
2018/05/28 18:58:05,106.81 
2018/05/28 19:06:23,104.64 
2018/05/28 20:44:59,110.11 
2018/05/28 21:45:00,104.25 
2018/05/28 22:25:39,101.36 
2018/05/28 23:27:29,101.52 
2018/05/29 00:05:46,103.75 
2018/05/29 00:07:48,105.21 
2018/05/29 00:46:45,109.97 
2018/05/29 01:32:18,102.90 
2018/05/29 01:40:27,104.41 
2018/05/29 03:35:57,102.81 
2018/05/29 03:44:13,109.58 
2018/05/29 05:53:45,106.78 
2018/05/29 06:41:52,104.74 
2018/05/29 08:27:44,109.04 
2018/05/29 10:17:21,107.18 
2018/05/29 11:01:02,102.56 
2018/05/29 13:57:36,102.50 
2018/05/29 15:48:19,105.19 
2018/05/29 16:56:50,110.65 
2018/05/29 17:00:51,109.47 
2018/05/29 17:18:44,110.76 
2018/05/29 17:54:43,108.45 
2018/05/29 18:00:44,102.66 
2018/05/29 18:11:10,108.77 
2018/05/29 18:33:39,111.92 
2018/05/29 18:46:05,114.11 
2018/05/29 19:35:53,112.38 
2018/05/29 19:54:40,107.60 
2018/05/29 20:18:22,105.80 
2018/05/29 21:07:56,114.81 
2018/05/29 22:15:31,114.09 
2018/05/30 00:09:17,107.10 
2018/05/30 00:57:57,106.43 
2018/05/30 01:29:13,112.28 
2018/05/30 02:20:40,105.84 
2018/05/30 02:27:48,108.98 
2018/05/30 04:12:20,110.86 
2018/05/30 04:18:39,112.33 
2018/05/30 04:44:02,113.05 
2018/05/30 06:18:22,113.10 
2018/05/30 07:44:35,114.59 
2018/05/30 08:20:01,110.43 
2018/05/30 09:27:07,106.29 
2018/05/30 10:57:26,108.53 
2018/05/30 11:32:14,108.57 
2018/05/30 12:21:08,107.45 
2018/05/30 14:00:01,113.12 
2018/05/30 15:11:10,105.82 
2018/05/30 15:18:48,111.71 
2018/05/30 15:29:16,106.33 
2018/05/30 15:36:24,107.57 
2018/05/30 16:47:47,110.33 
2018/05/30 17:41:11,113.73 
2018/05/30 17:45:14,105.00 
2018/05/30 18:19:37,107.44 
2018/05/30 19:51:00,112.51 
2018/05/30 20:44:54,105.71 
2018/05/30 21:08:01,114.49 
2018/05/30 21:37:22,106.58 
2018/05/30 22:12:01,111.81 
2018/05/30 23:13:24,108.82 
2018/05/30 23:47:40,107.63 
2018/05/30 23:48:48,110.45 
2018/05/31 00:23:50,110.32 
2018/05/31 00:34:53,111.76 
2018/05/31 00:41:26,113.37 
2018/05/31 01:14:20,110.46 
2018/05/31 01:15:58,107.94 
2018/05/31 02:04:15,111.07 
2018/05/31 03:16:15,114.49 
2018/05/31 03:47:52,112.93 
2018/05/31 03:54:48,107.07 
2018/05/31 04:26:12,114.45 
2018/05/31 04:33:46,113.31 
2018/05/31 05:30:44,110.51 
2018/05/31 05:48:38,105.85 
2018/05/31 05:51:14,112.99 
2018/05/31 07:39:40,113.23 
2018/05/31 07:52:36,112.21 
2018/05/31 08:08:30,110.07 
2018/05/31 08:25:08,108.80 
2018/05/31 08:42:52,106.87 
2018/05/31 08:47:54,110.86 
2018/05/31 09:30:05,106.31 
2018/05/31 10:08:18,108.92 
2018/05/31 10:22:13,114.86 
2018/05/31 11:01:05,105.35 
2018/05/31 11:27:55,108.95 
2018/05/31 12:15:49,110.06 
2018/05/31 12:50:53,107.21 
2018/05/31 13:16:27,107.33 
2018/05/31 13:37:06,108.41 
2018/05/31 14:52:33,109.28 
2018/05/31 14:53:06,114.44 
2018/05/31 15:06:26,105.54 
2018/05/31 16:22:58,112.06 
2018/05/31 16:56:02,113.64 
2018/05/31 17:48:46,110.26 
2018/05/31 19:03:06,108.81 
2018/05/31 19:21:00,105.94 
2018/05/31 20:05:15,110.81 
2018/05/31 21:55:04,109.00 
2018/05/31 22:22:37,113.21 
2018/05/31 22:34:49,108.49 
2018/05/31 22:46:08,111.70 
2018/06/01 00:46:45,112.16 
2018/06/01 02:20:44,105.35 
2018/06/01 02:23:11,110.89 
2018/06/01 04:46:29,112.97 
2018/06/01 04:57:17,114.05 
2018/06/01 05:16:21,105.47 
2018/06/01 05:19:42,110.71 
2018/06/01 06:20:09,105.46 
2018/06/01 06:40:11,112.74 
2018/06/01 06:52:22,114.94 
2018/06/01 07:00:22,108.51 
2018/06/01 07:15:23,111.16 
2018/06/01 09:02:29,105.64 
2018/06/01 09:33:02,113.06 
2018/06/01 09:41:36,113.78 
2018/06/01 11:00:25,114.73 
2018/06/01 11:04:38,113.45 
2018/06/01 12:16:41,111.61 
2018/06/01 13:04:37,110.01 
2018/06/01 13:51:37,108.68 
2018/06/01 14:26:44,113.98 
2018/06/01 15:03:20,106.45 
2018/06/01 15:15:09,113.73 
2018/06/01 16:53:04,109.25 
2018/06/01 17:29:13,107.84 
2018/06/01 18:58:59,106.89 
2018/06/01 20:34:16,105.67 
2018/06/01 20:50:49,105.67 
2018/06/01 20:51:03,108.98 
2018/06/01 20:58:10,112.32 
2018/06/01 21:25:02,108.30 
2018/06/01 21:41:18,114.81 
2018/06/01 21:42:08,107.64 
2018/06/01 22:11:49,109.29 
2018/06/01 22:43:31,105.24 
2018/06/01 23:51:58,110.64 
2018/06/02 00:20:37,109.86 
2018/06/02 00:34:09,106.69 
2018/06/02 01:17:19,106.48 
2018/06/02 02:16:28,111.27 
2018/06/02 02:28:46,109.35 
2018/06/02 02:42:24,109.03 
2018/06/02 03:00:31,109.27 
2018/06/02 07:34:40,112.55 
2018/06/02 08:10:06,108.08 
2018/06/02 09:43:41,108.01 
2018/06/02 13:25:24,111.44 
2018/06/02 14:12:56,112.83 
2018/06/02 14:28:43,109.42 
2018/06/02 16:42:59,113.58 
2018/06/02 17:15:19,114.93 
2018/06/02 17:39:52,108.26 
2018/06/02 18:38:38,110.63 
2018/06/02 21:33:05,110.93 
2018/06/02 21:40:50,111.61 
2018/06/02 21:56:36,106.28 
2018/06/02 22:14:29,107.39 
2018/06/02 22:48:56,108.43 
2018/06/02 23:06:26,106.73 
2018/06/02 23:13:37,111.13 
2018/06/03 00:09:14,113.65 
2018/06/03 00:24:16,108.90 
2018/06/03 03:16:55,107.04 
2018/06/03 03:37:55,110.74 
2018/06/03 05:40:19,114.31 
2018/06/03 07:52:50,112.96 
2018/06/03 08:31:25,112.33 
2018/06/03 08:50:04,111.95 
2018/06/03 10:15:38,111.80 
2018/06/03 10:18:19,106.63 
2018/06/03 11:27:29,110.94 
2018/06/03 14:22:44,107.17 
2018/06/03 15:04:21,106.12 
2018/06/03 16:13:57,111.35 
2018/06/03 16:37:09,112.00 
2018/06/03 16:38:08,106.18 
2018/06/03 17:03:43,112.38 
2018/06/03 17:18:06,110.42 
2018/06/03 17:58:34,107.18 
2018/06/03 19:05:13,113.35 
2018/06/03 19:50:08,110.70 
2018/06/03 20:08:08,105.60 
2018/06/03 20:15:04,110.69 
2018/06/03 20:28:23,114.25 
2018/06/03 21:07:48,112.81 
2018/06/03 21:26:03,113.20 
2018/06/03 21:33:53,112.19 
2018/06/03 22:26:21,105.60 
2018/06/03 23:39:29,107.08 
2018/06/04 00:24:18,107.36 
2018/06/04 01:18:52,108.50 
2018/06/04 01:52:36,109.96 
2018/06/04 02:04:29,110.70 
2018/06/04 02:20:52,109.76 
2018/06/04 04:27:51,109.88 
2018/06/04 04:39:20,112.16 
2018/06/04 06:39:32,110.16 
2018/06/04 07:04:27,112.90 
2018/06/04 09:10:33,112.38 
2018/06/04 10:13:46,112.26 
2018/06/04 11:07:23,111.01 
2018/06/04 11:39:34,113.10 
2018/06/04 11:40:54,109.73 
2018/06/04 11:59:35,110.82 
2018/06/04 12:28:07,113.45 
2018/06/04 13:52:36,109.28 
2018/06/04 17:37:00,106.15 
2018/06/04 18:19:27,110.84 
2018/06/04 18:25:59,108.37 
2018/06/04 18:31:54,111.58 
2018/06/04 22:53:46,105.27 
2018/06/04 22:55:08,112.78 
2018/06/05 00:25:59,113.77 
2018/06/05 01:05:41,111.38 
2018/06/05 02:11:38,112.23 
2018/06/05 03:19:07,111.10 
2018/06/05 03:25:07,113.94 
2018/06/05 04:10:15,112.57 
2018/06/05 04:44:19,109.32 
2018/06/05 04:49:15,106.91 
2018/06/05 05:06:54,111.81 
2018/06/05 05:59:54,114.49 
2018/06/05 06:26:27,109.65 
2018/06/05 08:47:46,110.36 
2018/06/05 10:08:05,110.00 
2018/06/05 11:21:22,112.97 
2018/06/05 11:25:53,109.69 
2018/06/05 11:46:43,113.97 
2018/06/05 11:58:22,106.80 
2018/06/05 12:58:55,112.23 
2018/06/05 13:15:05,112.92 
2018/06/05 13:23:26,109.90 
2018/06/05 13:54:36,109.26 
2018/06/05 14:55:09,110.06 
2018/06/05 16:06:20,111.41 
2018/06/05 16:09:38,112.80 
2018/06/05 18:01:07,107.04 
2018/06/05 18:08:17,111.85 
2018/06/05 20:57:48,114.60 
2018/06/05 22:44:03,109.16 
2018/06/06 00:02:46,113.21 
2018/06/06 00:06:59,109.48 
2018/06/06 00:15:29,107.14 
2018/06/06 02:38:43,111.88 
2018/06/06 03:17:38,105.43 
2018/06/06 03:43:34,114.40 
2018/06/06 05:51:20,113.95 
2018/06/06 06:41:21,107.41 
2018/06/06 07:19:31,109.25 
2018/06/06 07:37:14,112.27 
2018/06/06 08:40:19,113.84 
2018/06/06 09:22:05,109.33 
2018/06/06 09:40:42,110.40 
2018/06/06 09:55:37,114.25 
2018/06/06 10:03:03,105.03 
2018/06/06 10:22:13,114.61 
2018/06/06 11:15:42,113.67 
2018/06/06 12:55:49,109.35 
2018/06/06 13:22:53,112.73 
2018/06/06 13:24:04,107.20 
2018/06/06 13:24:44,108.36 
2018/06/06 13:51:39,112.67 
2018/06/06 13:51:59,110.54 
2018/06/06 14:08:50,108.99 
2018/06/06 14:29:26,111.07 
2018/06/06 14:53:46,106.25 
2018/06/06 15:02:48,114.15 
2018/06/06 15:17:36,106.55 
2018/06/06 15:42:47,105.79 
2018/06/06 15:44:19,110.75 
2018/06/06 15:44:33,114.67 
2018/06/06 16:05:46,105.45 
2018/06/06 16:31:20,114.81 
2018/06/06 16:32:47,111.20 
2018/06/06 17:01:11,108.25 
2018/06/06 17:33:51,106.72 
2018/06/06 17:59:49,110.47 
2018/06/06 18:21:26,111.06 
2018/06/06 18:41:36,111.91 
2018/06/06 19:17:30,111.10 
2018/06/06 19:28:31,108.16 
2018/06/06 20:05:20,110.38 
2018/06/06 20:17:52,114.17 
2018/06/06 20:53:13,107.88 
2018/06/06 21:21:01,111.20 
2018/06/06 22:01:32,105.68 
2018/06/06 23:14:38,110.97 
2018/06/07 00:12:31,112.44 
2018/06/07 01:10:54,106.82 
2018/06/07 01:32:55,112.82 
2018/06/07 02:07:10,114.73 
2018/06/07 02:36:08,107.54 
2018/06/07 03:12:47,114.29 
2018/06/07 03:26:14,106.10 
2018/06/07 04:29:06,105.06 
2018/06/07 05:24:31,112.85 
2018/06/07 06:22:15,107.30 
2018/06/07 07:34:54,108.56 
2018/06/07 11:21:09,110.78 
2018/06/07 13:35:22,108.28 
2018/06/07 13:48:35,111.89 
2018/06/07 13:55:54,110.73 
2018/06/07 15:22:16,114.94 
2018/06/07 15:42:17,112.23 
2018/06/07 15:58:41,112.64 
2018/06/07 16:07:57,108.52 
2018/06/07 16:41:48,109.45 
2018/06/07 17:55:30,109.51 
2018/06/07 19:32:41,111.86 
2018/06/07 19:33:25,108.10 
2018/06/07 21:26:33,107.28 
2018/06/07 21:27:29,105.48 
2018/06/07 21:36:16,109.60 
2018/06/07 22:16:21,113.75 
2018/06/07 22:47:18,113.41 
2018/06/08 00:20:30,107.87 
2018/06/08 01:01:06,112.33 
2018/06/08 01:13:12,109.32 
2018/06/08 02:06:01,112.97 
2018/06/08 02:27:52,107.54 
2018/06/08 02:49:33,106.95 
2018/06/08 02:50:46,114.32 
2018/06/08 03:36:56,105.42 
2018/06/08 06:03:47,105.39 
2018/06/08 06:12:25,114.50 
2018/06/08 06:22:05,110.30 
2018/06/08 06:34:41,114.43 
2018/06/08 07:05:02,114.63 
2018/06/08 07:51:41,106.18 
2018/06/08 08:01:10,113.30 
2018/06/08 09:43:12,113.18 
2018/06/08 10:15:26,105.07 
2018/06/08 10:29:55,113.57 
2018/06/08 11:08:58,109.27 
2018/06/08 11:19:03,111.92 
2018/06/08 11:28:45,108.10 
2018/06/08 12:42:58,114.34 
2018/06/08 13:22:07,106.19 
2018/06/08 13:44:35,109.94 
2018/06/08 14:53:20,111.40 
2018/06/08 15:04:06,107.46 
2018/06/08 15:09:10,114.30 
2018/06/08 16:12:49,112.49 
2018/06/08 16:25:33,112.21 
2018/06/08 17:50:42,112.88 
2018/06/08 17:52:28,112.57 
2018/06/08 18:18:51,105.24 
2018/06/08 19:04:30,114.64 
2018/06/08 19:39:27,106.62 
2018/06/08 19:42:04,110.49 
2018/06/08 19:52:52,107.57 
2018/06/08 20:41:19,105.11 
2018/06/08 21:01:21,106.30 
2018/06/08 21:04:17,111.13 
2018/06/08 21:40:07,109.56 
2018/06/08 21:42:03,110.94 
2018/06/08 22:13:38,111.34 
2018/06/08 23:00:37,106.93 
2018/06/08 23:58:51,106.00 
2018/06/09 00:45:22,114.47 
2018/06/09 01:30:03,109.13 
2018/06/09 02:39:15,111.47 
2018/06/09 03:25:40,113.94 
2018/06/09 03:54:22,108.41 
2018/06/09 04:19:01,112.02 
2018/06/09 04:46:12,105.92 
2018/06/09 05:13:26,112.32 
2018/06/09 07:25:43,110.00 
2018/06/09 08:38:04,112.09 
2018/06/09 08:42:15,107.30 
2018/06/09 09:45:16,109.67 
2018/06/09 10:07:32,113.81 
2018/06/09 10:27:20,113.44 
2018/06/09 11:02:29,106.94 
2018/06/09 11:09:56,106.59 
2018/06/09 13:28:17,111.60 
2018/06/09 14:24:53,114.23 
2018/06/09 15:20:46,106.24 
2018/06/09 15:38:10,113.44 
2018/06/09 16:35:53,106.95 
2018/06/09 18:13:43,112.04 
2018/06/09 18:26:34,113.81 
2018/06/09 18:54:20,108.70 
2018/06/09 19:29:48,106.12 
2018/06/09 19:53:46,114.82 
2018/06/09 20:04:32,108.57 
2018/06/09 20:10:42,108.81 
2018/06/09 20:23:47,106.55 
2018/06/09 20:42:22,108.56 
2018/06/09 22:11:04,109.46 
2018/06/09 22:31:47,107.08 
2018/06/09 23:43:33,112.11 
2018/06/09 23:52:28,108.15 
2018/06/10 02:05:36,106.18 
2018/06/10 03:24:58,111.05 
2018/06/10 04:01:14,114.01 
2018/06/10 04:17:27,108.72 
2018/06/10 04:54:33,111.21 
2018/06/10 05:43:22,113.28 
2018/06/10 05:45:22,112.38 
2018/06/10 06:17:15,105.05 
2018/06/10 07:12:03,106.23 
2018/06/10 07:35:26,108.27 
2018/06/10 07:55:18,111.22 
2018/06/10 08:54:33,105.25 
2018/06/10 09:08:53,109.88 
2018/06/10 09:14:42,114.26 
2018/06/10 10:13:19,114.72 
2018/06/10 10:25:36,108.07 
2018/06/10 12:31:09,114.04 
2018/06/10 13:19:43,110.41 
2018/06/10 13:34:53,113.84 
2018/06/10 13:58:59,108.05 
2018/06/10 14:05:31,112.51 
2018/06/10 14:17:36,108.25 
2018/06/10 16:01:41,106.99 
2018/06/10 17:14:06,106.34 
2018/06/10 18:23:05,113.22 
2018/06/10 18:54:58,111.90 
2018/06/10 19:09:39,106.42 
2018/06/10 19:14:44,105.64 
2018/06/10 19:30:38,110.84 
2018/06/10 19:54:52,108.36 
2018/06/10 20:16:21,110.55 
2018/06/10 21:19:05,112.88 
2018/06/10 21:30:59,106.56 
2018/06/10 22:09:00,111.99 
2018/06/10 22:16:46,110.35 
2018/06/10 22:23:40,108.31 
2018/06/10 23:03:22,111.91 
2018/06/11 00:18:31,110.31 
2018/06/11 02:40:07,109.75 
2018/06/11 03:05:53,114.21 
2018/06/11 03:20:01,110.85 
2018/06/11 03:20:55,111.52 
2018/06/11 04:58:01,112.74 
2018/06/11 05:47:26,105.87 
2018/06/11 06:10:45,106.74 
2018/06/11 08:04:08,105.72 
2018/06/11 08:23:12,106.73 
2018/06/11 10:21:48,114.49 
2018/06/11 10:56:15,108.92 
2018/06/11 11:49:14,108.65 
2018/06/11 13:44:45,114.97 
2018/06/11 14:19:43,108.22 
2018/06/11 15:12:14,113.35 
2018/06/11 17:35:10,107.66 
2018/06/11 17:55:14,110.24 
2018/06/11 20:30:45,110.14 
2018/06/11 20:41:07,107.00 
2018/06/11 20:42:48,109.06 
2018/06/11 20:49:17,111.65 
2018/06/11 22:03:29,109.60 
2018/06/11 22:25:48,107.95 
2018/06/11 22:32:19,113.96 
2018/06/11 22:59:00,113.34 
2018/06/11 23:19:20,107.16 
2018/06/11 23:29:46,107.24 
2018/06/12 00:31:18,112.89 
2018/06/12 01:33:20,106.14 
2018/06/12 02:25:35,112.24 
2018/06/12 02:29:53,113.66 
2018/06/12 03:41:45,107.77 
2018/06/12 04:59:31,106.33 
2018/06/12 05:03:45,109.64 
2018/06/12 06:32:40,110.71 
2018/06/12 06:33:50,110.40 
2018/06/12 07:01:47,106.96 
2018/06/12 08:05:18,105.05 
2018/06/12 08:47:23,108.39 
2018/06/12 08:55:25,112.65 
2018/06/12 09:34:27,114.78 
2018/06/12 10:05:47,113.51 
2018/06/12 13:55:24,112.28 
2018/06/12 15:00:18,112.89 
2018/06/12 15:04:49,105.45 
2018/06/12 15:18:22,106.23 
2018/06/12 15:18:59,109.77 
2018/06/12 16:18:31,107.07 
2018/06/12 16:22:09,108.72 
2018/06/12 17:10:57,107.83 
2018/06/12 18:25:00,110.79 
2018/06/12 18:31:54,110.86 
2018/06/12 21:12:46,109.37 
2018/06/12 21:16:50,111.82 
2018/06/12 22:09:43,105.24 
2018/06/12 23:59:22,105.37 
2018/06/13 02:02:21,110.27 
2018/06/13 03:33:29,112.81 
2018/06/13 03:45:46,106.98 
2018/06/13 04:08:30,112.30 
2018/06/13 04:12:04,106.11 
2018/06/13 04:29:12,108.87 
2018/06/13 04:56:13,105.18 
2018/06/13 05:18:54,106.88 
2018/06/13 06:13:06,105.09 
2018/06/13 06:59:43,113.37 
2018/06/13 07:21:14,106.69 
2018/06/13 09:31:57,106.46 
2018/06/13 10:26:37,106.53 
2018/06/13 10:57:16,108.38 
2018/06/13 11:24:41,107.17 
2018/06/13 12:05:50,109.26 
2018/06/13 12:43:19,108.52 
2018/06/13 13:11:44,106.88 
2018/06/13 13:21:49,106.59 
2018/06/13 13:36:56,110.29 
2018/06/13 13:49:07,110.09 
2018/06/13 14:01:49,110.79 
2018/06/13 14:54:55,109.22 
2018/06/13 16:49:24,111.93 
2018/06/13 18:00:05,110.57 
2018/06/13 19:28:06,113.53 
2018/06/13 19:36:20,107.28 
2018/06/13 21:32:33,107.43 
2018/06/13 22:00:44,107.39 
2018/06/13 22:57:30,109.74 
2018/06/13 23:18:22,110.48 